{"_id":"71NDjLO4Lpypl1yF","doesRepeat":false,"endDate":"2023-12-06T11:40:58.531847","isCompleted":false,"noOfGuests":0,"startDate":"2023-12-06T11:40:58.531704","title":"Nicolae","type":"","userId":"vI1GMkzBza5i82zj"}
{"_id":"EAi683nhTqXsoMVu","doesRepeat":false,"endDate":"2023-12-06T11:39:55.980325","isCompleted":true,"noOfGuests":0,"startDate":"2023-11-06T11:39:55.980169","title":"Mogage","type":"","userId":"vI1GMkzBza5i82zj"}
{"_id":"vA6dhlg9nDKp1uva","doesRepeat":false,"endDate":"2023-12-06T11:49:41.856400","isCompleted":false,"noOfGuests":5,"startDate":"2023-12-06T11:49:41.856300","title":"ajutor","type":"","userId":"vI1GMkzBza5i82zj"}
{"_id":"yt4k2q9scN1NBI93","doesRepeat":false,"endDate":"2023-12-06T12:01:15.635011","isCompleted":false,"noOfGuests":0,"startDate":"2023-12-06T12:01:15.634874","title":"buna ziua","type":"","userId":"vI1GMkzBza5i82zj"}
{"_id":"MVnckKq4fSdTTSK0","doesRepeat":false,"endDate":"2023-12-06T12:12:45.826030","isCompleted":false,"noOfGuests":0,"startDate":"2023-12-06T12:12:45.825806","title":"buna ziua 2","type":"","userId":"vI1GMkzBza5i82zj"}
