{"text":"ceau","userId":"vI1GMkzBza5i82zj","_id":"4GgGDI2bZeXSFG7m"}
{"_id":"RCdHQoGzBtGUgkjg","text":"a1111aaaa","userId":"vI1GMkzBza5i82zj"}
{"_id":"bGeNiSEEUT11alvs","text":"salut","userId":"vI1GMkzBza5i82zj"}
{"_id":"hPOTpXaZ1iCoth7j","text":"a55","userId":"vI1GMkzBza5i82zj"}
{"_id":"tCc1ltDb8XRPJ2y1","text":"b1","userId":"vI1GMkzBza5i82zz"}
{"_id":"tCc1ltDb8XRPJ2y2","text":"b3","userId":"vI1GMkzBza5i82zz"}
{"_id":"tCc1ltDb8XRPJ2yn","text":"a2rrr","userId":"vI1GMkzBza5i82zj"}
{"_id":"tfDoCa2knjYoqsRx","text":"salut2","userId":"vI1GMkzBza5i82zj"}
{"_id":"ulcqlHqU9fxkEJ4T","text":"salut3","userId":"vI1GMkzBza5i82zj"}
