{
  "formatVersion": 1,
  "database": {
    "version": 1,
    "identityHash": "02380627355e2b059e9305cef87afd23",
    "entities": [
      {
        "tableName": "items",
        "createSql": "CREATE TABLE IF NOT EXISTS `${TABLE_NAME}` (`_id` TEXT NOT NULL, `title` TEXT NOT NULL, `type` TEXT NOT NULL, `noOfGuests` INTEGER NOT NULL, `startDate` TEXT NOT NULL, `endDate` TEXT NOT NULL, `isCompleted` INTEGER NOT NULL, `doesRepeat` INTEGER NOT NULL, PRIMARY KEY(`_id`))",
        "fields": [
          {
            "fieldPath": "_id",
            "columnName": "_id",
            "affinity": "TEXT",
            "notNull": true
          },
          {
            "fieldPath": "title",
            "columnName": "title",
            "affinity": "TEXT",
            "notNull": true
          },
          {
            "fieldPath": "type",
            "columnName": "type",
            "affinity": "TEXT",
            "notNull": true
          },
          {
            "fieldPath": "noOfGuests",
            "columnName": "noOfGuests",
            "affinity": "INTEGER",
            "notNull": true
          },
          {
            "fieldPath": "startDate",
            "columnName": "startDate",
            "affinity": "TEXT",
            "notNull": true
          },
          {
            "fieldPath": "endDate",
            "columnName": "endDate",
            "affinity": "TEXT",
            "notNull": true
          },
          {
            "fieldPath": "isCompleted",
            "columnName": "isCompleted",
            "affinity": "INTEGER",
            "notNull": true
          },
          {
            "fieldPath": "doesRepeat",
            "columnName": "doesRepeat",
            "affinity": "INTEGER",
            "notNull": true
          }
        ],
        "primaryKey": {
          "autoGenerate": false,
          "columnNames": [
            "_id"
          ]
        },
        "indices": [],
        "foreignKeys": []
      }
    ],
    "views": [],
    "setupQueries": [
      "CREATE TABLE IF NOT EXISTS room_master_table (id INTEGER PRIMARY KEY,identity_hash TEXT)",
      "INSERT OR REPLACE INTO room_master_table (id,identity_hash) VALUES(42, '02380627355e2b059e9305cef87afd23')"
    ]
  }
}