{
  "formatVersion": 1,
  "database": {
    "version": 2,
    "identityHash": "4728f29d22b055a82e542c1b6550730a",
    "entities": [
      {
        "tableName": "items",
        "createSql": "CREATE TABLE IF NOT EXISTS `${TABLE_NAME}` (`_id` TEXT NOT NULL, `text` TEXT NOT NULL, PRIMARY KEY(`_id`))",
        "fields": [
          {
            "fieldPath": "_id",
            "columnName": "_id",
            "affinity": "TEXT",
            "notNull": true
          },
          {
            "fieldPath": "text",
            "columnName": "text",
            "affinity": "TEXT",
            "notNull": true
          }
        ],
        "primaryKey": {
          "autoGenerate": false,
          "columnNames": [
            "_id"
          ]
        },
        "indices": [],
        "foreignKeys": []
      }
    ],
    "views": [],
    "setupQueries": [
      "CREATE TABLE IF NOT EXISTS room_master_table (id INTEGER PRIMARY KEY,identity_hash TEXT)",
      "INSERT OR REPLACE INTO room_master_table (id,identity_hash) VALUES(42, '4728f29d22b055a82e542c1b6550730a')"
    ]
  }
}